City_ID,City,Lat,Lng,Max Temp,Humidity,Cloudiness,Wind Speed,Country,Date
0,Hermanus,-34.4187,19.2345,69.8,69,0,17.54,ZA,2022-10-22 16:48:44
1,Hualmay,-11.0964,-77.6139,67.73,67,37,8.84,PE,2022-10-22 16:48:19
2,Moranbah,-22.0016,148.0466,71.31,68,19,7.99,AU,2022-10-22 16:46:40
3,Los Chiles,11.0333,-84.7167,80.98,85,72,3.44,CR,2022-10-22 16:48:44
4,Nikolskoye,59.7035,30.7861,42.78,90,51,6.02,RU,2022-10-22 16:48:45
5,Boguchany,58.3814,97.4531,42.78,93,100,9.35,RU,2022-10-22 16:48:45
6,Hithadhoo,-0.6,73.0833,82.18,72,93,7.96,MV,2022-10-22 16:48:45
7,Kargasok,59.0556,80.8572,34.38,84,100,4.9,RU,2022-10-22 16:48:46
8,Ushuaia,-54.8,-68.3,47.86,66,75,13.8,AR,2022-10-22 16:48:46
9,Esperance,-33.8667,121.9,54.91,81,83,14.65,AU,2022-10-22 16:48:46
10,Yellowknife,62.456,-114.3525,21.72,93,75,8.05,CA,2022-10-22 16:47:59
11,Jamestown,42.097,-79.2353,67.59,31,0,13.8,US,2022-10-22 16:43:55
12,Pitimbu,-7.4706,-34.8086,84.79,72,38,11.5,BR,2022-10-22 16:48:47
13,Olafsvik,64.8945,-23.7142,40.17,72,100,8.16,IS,2022-10-22 16:48:48
14,Clyde River,70.4692,-68.5914,21.43,93,40,12.66,CA,2022-10-22 16:48:48
15,Port Alfred,-33.5906,26.891,66.18,84,91,4.0,ZA,2022-10-22 16:48:48
16,Rikitea,-23.1203,-134.9692,71.02,83,99,23.4,PF,2022-10-22 16:48:49
17,Tutoia,-2.7619,-42.2744,84.63,67,90,15.88,BR,2022-10-22 16:48:49
18,East London,-33.0153,27.9116,68.94,68,0,10.36,ZA,2022-10-22 16:48:50
19,Vostok,46.4856,135.8833,25.11,89,64,3.74,RU,2022-10-22 16:48:50
20,Hagondange,49.2513,6.1681,63.95,90,29,3.33,FR,2022-10-22 16:48:51
21,Coolum Beach,-26.5333,153.1,68.11,97,100,13.49,AU,2022-10-22 16:45:30
22,Saint-Joseph,-21.3667,55.6167,71.98,82,92,4.68,RE,2022-10-22 16:48:51
23,Vaini,-21.2,-175.2,71.76,88,100,18.41,TO,2022-10-22 16:48:52
24,Blyth,55.1271,-1.5086,60.08,71,20,5.75,GB,2022-10-22 16:48:52
25,Hilo,19.7297,-155.09,77.29,95,100,4.61,US,2022-10-22 16:48:53
26,Inhambane,-23.865,35.3833,78.78,69,20,9.22,MZ,2022-10-22 16:48:54
27,Tuktoyaktuk,69.4541,-133.0374,12.2,92,20,8.05,CA,2022-10-22 16:48:54
28,Galle,6.0367,80.217,78.28,88,100,7.54,LK,2022-10-22 16:47:20
29,Baihar,22.1,80.55,62.98,78,0,2.66,IN,2022-10-22 16:48:55
30,San Policarpo,12.1791,125.5072,81.79,82,100,9.13,PH,2022-10-22 16:48:55
31,Port Elizabeth,-33.918,25.5701,68.09,92,40,16.11,ZA,2022-10-22 16:48:56
32,Yulara,-25.2406,130.9889,65.16,65,24,21.61,AU,2022-10-22 16:48:56
33,Rawson,-43.3002,-65.1023,72.66,18,4,18.03,AR,2022-10-22 16:48:56
34,Mataura,-46.1927,168.8643,38.26,96,20,3.31,NZ,2022-10-22 16:48:57
35,Butaritari,3.0707,172.7902,80.62,69,63,11.27,KI,2022-10-22 16:48:57
36,Narsaq,60.9167,-46.05,39.42,98,96,3.76,GL,2022-10-22 16:48:58
37,Cidreira,-30.1811,-50.2056,67.73,69,48,7.78,BR,2022-10-22 16:48:58
38,Bredasdorp,-34.5322,20.0403,63.23,80,6,14.43,ZA,2022-10-22 16:48:58
39,Tarsus,36.9188,34.8784,69.67,43,0,5.35,TR,2022-10-22 16:48:59
40,Busselton,-33.65,115.3333,55.0,83,23,5.93,AU,2022-10-22 16:49:00
41,Lake Cowichan,48.825,-124.0546,47.98,80,69,1.99,CA,2022-10-22 16:49:00
42,Pevek,69.7008,170.3133,20.59,96,98,5.12,RU,2022-10-22 16:49:01
43,Iqaluit,63.7506,-68.5145,34.7,93,75,11.99,CA,2022-10-22 16:47:51
44,Hobart,-42.8794,147.3294,51.26,76,100,12.66,AU,2022-10-22 16:49:01
45,Alamogordo,32.8995,-105.9603,74.55,52,0,5.75,US,2022-10-22 16:48:46
46,Najran,17.4924,44.1277,75.85,15,0,6.6,SA,2022-10-22 16:50:02
47,Klaksvik,62.2266,-6.589,45.52,76,98,16.44,FO,2022-10-22 16:50:02
48,Albany,42.6001,-73.9662,65.23,50,0,5.32,US,2022-10-22 16:50:03
49,Usinsk,65.9939,57.5281,29.59,80,92,17.16,RU,2022-10-22 16:50:03
50,El Alto,-4.2714,-81.2147,69.46,68,77,15.82,PE,2022-10-22 16:50:04
51,Kapaa,22.0752,-159.319,75.09,91,75,6.91,US,2022-10-22 16:50:04
52,Loukhi,66.0764,33.0381,38.91,83,100,13.87,RU,2022-10-22 16:50:04
53,Mar Del Plata,-38.0023,-57.5575,53.94,62,75,14.97,AR,2022-10-22 16:49:15
54,Beira,-19.8436,34.8389,80.69,78,40,13.0,MZ,2022-10-22 16:49:59
55,Victoria,22.2855,114.1577,82.38,72,90,5.99,HK,2022-10-22 16:46:33
56,Punta Arenas,-53.15,-70.9167,53.71,47,75,25.32,CL,2022-10-22 16:50:05
57,Cherskiy,68.75,161.3,13.55,96,100,6.33,RU,2022-10-22 16:50:06
58,Mangrol,21.1167,70.1167,82.62,64,41,4.79,IN,2022-10-22 16:50:06
59,Weihai,37.5017,122.1136,57.51,50,80,17.76,CN,2022-10-22 16:50:06
60,Bethel,41.3712,-73.414,67.62,47,0,6.91,US,2022-10-22 16:46:16
61,Tosya,41.0155,34.0401,47.03,39,5,1.23,TR,2022-10-22 16:50:07
62,Katsuura,35.1333,140.3,69.17,78,51,14.61,JP,2022-10-22 16:50:07
63,Ciudad Bolivar,8.1222,-63.5497,90.95,48,100,7.02,VE,2022-10-22 16:50:08
64,Lorengau,-2.0226,147.2712,80.91,68,93,4.9,PG,2022-10-22 16:50:08
65,Vikulovo,56.8167,70.6107,31.93,67,100,10.09,RU,2022-10-22 16:50:09
66,Puerto Ayora,-0.7393,-90.3518,73.36,90,99,5.99,EC,2022-10-22 16:50:09
67,Pacific Grove,36.6177,-121.9166,61.02,92,75,12.66,US,2022-10-22 16:50:10
68,Saskylakh,71.9167,114.0833,6.67,97,55,6.69,RU,2022-10-22 16:50:10
69,Mpanda,-6.3655,31.0409,79.79,28,88,1.19,TZ,2022-10-22 16:46:46
70,Opava,49.9387,17.9026,51.89,95,100,5.01,CZ,2022-10-22 16:50:10
71,Praya,14.9215,-23.5087,88.34,51,0,14.97,CV,2022-10-22 16:50:11
72,Kasongo,-4.45,26.6667,75.4,67,80,3.78,CD,2022-10-22 16:50:11
73,Atuona,-9.8,-139.0333,76.17,70,1,16.15,PF,2022-10-22 16:50:11
74,Shenjiamen,29.9576,122.298,68.81,88,13,13.98,CN,2022-10-22 16:50:12
75,Saint-Philippe,-21.3585,55.7679,72.99,86,93,8.52,RE,2022-10-22 16:50:12
76,Poopo,-18.3667,-66.9667,63.37,9,21,10.18,BO,2022-10-22 16:50:12
77,Dikson,73.5069,80.5464,28.78,92,100,15.21,RU,2022-10-22 16:50:13
78,Khatanga,71.9667,102.5,18.52,89,81,9.75,RU,2022-10-22 16:50:13
79,Walvis Bay,-22.9575,14.5053,60.42,83,33,18.48,NA,2022-10-22 16:50:13
80,Oxford,51.7522,-1.256,61.38,88,20,9.22,GB,2022-10-22 16:50:14
81,Morondava,-20.2833,44.2833,78.84,78,33,11.99,MG,2022-10-22 16:50:14
82,Thompson,55.7435,-97.8558,33.96,86,75,5.75,CA,2022-10-22 16:45:29
83,Egvekinot,66.3167,-179.1667,20.19,97,99,1.45,RU,2022-10-22 16:50:15
84,Talnakh,69.4865,88.3972,29.21,95,100,7.18,RU,2022-10-22 16:50:15
85,Sassandra,4.95,-6.0833,79.92,79,62,7.16,CI,2022-10-22 16:50:16
86,Provideniya,64.3833,-173.3,31.08,95,93,2.93,RU,2022-10-22 16:49:44
87,Mecca,21.4267,39.8261,84.13,50,0,6.42,SA,2022-10-22 16:47:26
88,Qaanaaq,77.484,-69.3632,16.95,72,100,5.46,GL,2022-10-22 16:49:42
89,Siena,43.2167,11.4,70.77,80,66,7.38,IT,2022-10-22 16:50:16
90,Chokwe,-24.5333,32.9833,75.06,78,93,10.58,MZ,2022-10-22 16:50:17
91,Saint-Louis,16.3333,-15.0,101.84,15,0,3.09,SN,2022-10-22 16:50:17
92,Kutum,14.2,24.6667,77.67,23,91,2.17,SD,2022-10-22 16:50:17
93,Shenzhen,22.5455,114.0683,82.27,75,83,2.08,CN,2022-10-22 16:50:18
94,Bonthe,7.5264,-12.505,81.68,73,100,6.51,SL,2022-10-22 16:50:18
95,Bandarbeyla,9.4942,50.8122,78.89,83,23,6.85,SO,2022-10-22 16:51:19
96,Muros,42.7762,-9.0603,62.1,82,93,21.41,ES,2022-10-22 16:51:19
97,Bilibino,68.0546,166.4372,4.17,98,100,1.54,RU,2022-10-22 16:50:45
98,Luderitz,-26.6481,15.1594,65.08,67,0,24.14,NA,2022-10-22 16:50:21
99,Annau,37.8876,58.516,60.3,67,100,9.22,TM,2022-10-22 16:50:55
100,Isangel,-19.55,169.2667,74.59,82,100,16.78,VU,2022-10-22 16:51:20
101,Fairbanks,64.8378,-147.7164,33.1,95,100,3.44,US,2022-10-22 16:50:41
102,Bellevue,47.6104,-122.2007,49.46,92,100,3.44,US,2022-10-22 16:49:33
103,Batagay,67.6333,134.6333,3.06,96,99,3.83,RU,2022-10-22 16:51:20
104,Hami,42.8,93.45,53.2,30,0,2.19,CN,2022-10-22 16:51:21
105,Quincy,42.2529,-71.0023,69.73,44,20,12.66,US,2022-10-22 16:50:12
106,Carnarvon,-24.8667,113.6333,67.62,77,0,14.2,AU,2022-10-22 16:51:21
107,Khasan,42.4308,130.6434,44.42,57,5,9.46,RU,2022-10-22 16:51:21
108,Nhulunbuy,-12.2333,136.7667,82.35,77,69,10.09,AU,2022-10-22 16:51:22
109,Yatou,37.15,122.3833,54.75,53,96,14.79,CN,2022-10-22 16:51:23
110,Rio Grande,-32.035,-52.0986,77.11,72,40,3.65,BR,2022-10-22 16:49:53
111,Bambous Virieux,-20.3428,57.7575,74.21,78,40,6.91,MU,2022-10-22 16:51:23
112,Nome,64.5011,-165.4064,33.87,93,75,0.0,US,2022-10-22 16:51:24
113,Tasiilaq,65.6145,-37.6368,28.29,96,100,14.16,GL,2022-10-22 16:51:24
114,Severo-Kurilsk,50.6789,156.125,38.91,79,58,7.83,RU,2022-10-22 16:51:24
115,Preobrazheniye,42.9019,133.9064,39.92,64,0,5.99,RU,2022-10-22 16:51:25
116,Roma,43.2128,-75.4557,69.69,40,0,6.91,US,2022-10-22 16:51:25
117,Sao Filipe,14.8961,-24.4956,80.15,72,26,5.19,CV,2022-10-22 16:51:25
118,Buraydah,26.326,43.975,82.85,11,0,9.08,SA,2022-10-22 16:51:26
119,Qarqin,37.4185,66.0436,70.27,17,86,11.12,AF,2022-10-22 16:51:26
120,Tiksi,71.6872,128.8694,15.06,94,98,5.46,RU,2022-10-22 16:51:27
121,Adrar,20.5022,-10.0711,93.06,9,3,6.51,MR,2022-10-22 16:51:27
122,Castro,-24.7911,-50.0119,71.71,61,53,7.43,BR,2022-10-22 16:51:27
123,Avarua,-21.2078,-159.775,77.05,88,40,6.91,CK,2022-10-22 16:51:28
124,Norman Wells,65.282,-126.8329,19.44,93,100,2.3,CA,2022-10-22 16:51:28
125,Cape Town,-33.9258,18.4232,72.01,72,0,18.41,ZA,2022-10-22 16:48:12
126,Cochabamba,-17.3895,-66.1568,74.95,27,75,3.44,BO,2022-10-22 16:51:28
127,San Patricio,28.017,-97.5169,84.09,44,0,16.46,US,2022-10-22 16:51:29
128,Hamilton,39.1834,-84.5333,73.67,48,0,13.8,US,2022-10-22 16:48:57
129,Dingle,10.9995,122.6711,76.55,90,98,5.7,PH,2022-10-22 16:51:29
130,Altay,47.8667,88.1167,46.8,46,8,6.78,CN,2022-10-22 16:51:30
131,Cabo San Lucas,22.8909,-109.9124,86.61,71,82,6.82,MX,2022-10-22 16:47:47
132,Valparaiso,-33.0393,-71.6273,64.63,81,75,11.5,CL,2022-10-22 16:50:14
133,Jalu,29.0331,21.5482,72.93,35,0,9.46,LY,2022-10-22 16:51:30
134,Artyom,40.4723,50.333,57.34,65,100,7.78,AZ,2022-10-22 16:51:31
135,Camana,-16.6228,-72.7111,68.54,67,27,11.59,PE,2022-10-22 16:51:31
136,Port Blair,11.6667,92.75,80.64,89,75,12.66,IN,2022-10-22 16:51:32
137,Casper,42.8666,-106.3131,61.72,25,0,24.16,US,2022-10-22 16:48:19
138,Port Hedland,-20.3167,118.5667,75.25,78,0,14.97,AU,2022-10-22 16:51:32
139,Saint-Augustin,51.226,-58.6502,56.89,51,24,18.5,CA,2022-10-22 16:51:33
140,Mahanoro,-19.9,48.8,72.28,77,67,6.78,MG,2022-10-22 16:51:33
141,Blagoyevo,63.3667,47.9167,31.3,80,88,8.77,RU,2022-10-22 16:51:33
142,Carson City,39.1638,-119.7674,56.86,63,100,24.0,US,2022-10-22 16:52:30
143,Ahuimanu,21.4447,-157.8378,79.2,85,75,4.61,US,2022-10-22 16:52:34
144,Kahului,20.8947,-156.47,80.83,76,0,11.5,US,2022-10-22 16:51:06
145,Ribeira Grande,38.5167,-28.7,69.78,64,20,16.11,PT,2022-10-22 16:52:34
146,Rapid Valley,44.0625,-103.1463,48.4,66,75,0.0,US,2022-10-22 16:52:34
147,Camacari,-12.6975,-38.3242,83.97,54,95,10.69,BR,2022-10-22 16:52:35
148,Carutapera,-1.195,-46.02,87.19,58,82,10.78,BR,2022-10-22 16:52:35
149,Ixtapa,20.7,-105.2,83.23,83,100,3.0,MX,2022-10-22 16:52:36
150,Winnipeg,49.8844,-97.147,45.99,82,75,5.75,CA,2022-10-22 16:50:20
151,Sibu,2.3,111.8167,77.31,94,40,1.14,MY,2022-10-22 16:52:36
152,Mount Gambier,-37.8333,140.7667,55.31,94,100,10.36,AU,2022-10-22 16:52:36
153,Saint George,37.1041,-113.5841,74.25,33,0,4.61,US,2022-10-22 16:52:37
154,Upernavik,72.7868,-56.1549,33.85,99,100,9.73,GL,2022-10-22 16:50:56
155,Moravske Budejovice,49.0521,15.8086,54.3,95,100,5.06,CZ,2022-10-22 16:52:37
156,New Norfolk,-42.7826,147.0587,50.92,81,100,5.01,AU,2022-10-22 16:52:38
157,College,64.8569,-147.8028,33.08,95,100,3.44,US,2022-10-22 16:48:34
158,Robertson,36.5167,-86.8667,72.66,55,0,12.66,US,2022-10-22 16:52:38
159,Barrow,71.2906,-156.7887,26.62,86,100,23.02,US,2022-10-22 16:52:39
160,Te Anau,-45.4167,167.7167,42.19,94,55,4.34,NZ,2022-10-22 16:52:39
161,Gosainganj,26.5833,82.3833,72.5,61,0,3.33,IN,2022-10-22 16:52:40
162,Riverton,40.5219,-111.9391,58.5,58,100,14.0,US,2022-10-22 16:52:40
163,Dukat,62.55,155.55,-6.34,99,97,4.41,RU,2022-10-22 16:52:40
164,Macomb,40.4592,-90.6718,79.02,41,0,17.27,US,2022-10-22 16:52:40
165,Kruisfontein,-34.0033,24.7314,65.88,84,85,11.21,ZA,2022-10-22 16:52:41
166,Baker City,44.7749,-117.8344,44.6,78,100,6.91,US,2022-10-22 16:52:41
167,Torbay,47.6666,-52.7314,60.58,68,75,13.8,CA,2022-10-22 16:52:41
168,Shizunai,42.3339,142.3669,54.43,75,16,17.6,JP,2022-10-22 16:52:42
169,Gaogou,34.0175,119.1886,58.35,71,22,10.09,CN,2022-10-22 16:52:42
170,Beringovskiy,63.05,179.3167,29.82,81,38,5.35,RU,2022-10-22 16:52:42
171,Bluff,-46.6,168.3333,44.56,85,22,11.97,NZ,2022-10-22 16:52:43
172,Kalemie,-5.9475,29.1947,78.44,47,76,2.51,CD,2022-10-22 16:52:43
173,Pisco,-13.7,-76.2167,66.02,77,18,9.22,PE,2022-10-22 16:52:44
174,Arraial Do Cabo,-22.9661,-42.0278,84.16,69,0,18.41,BR,2022-10-22 16:52:44
175,Ramsgate,51.3358,1.4155,62.28,87,95,4.0,GB,2022-10-22 16:52:44
176,Constitucion,-35.3333,-72.4167,61.16,58,49,7.43,CL,2022-10-22 16:52:45
177,Bud,39.447,-86.1758,71.89,58,61,15.95,US,2022-10-22 16:52:27
178,Ahipara,-35.1667,173.1667,49.89,87,2,5.95,NZ,2022-10-22 16:52:45
179,Kodiak,57.79,-152.4072,35.11,80,0,5.75,US,2022-10-22 16:50:39
180,Selishche,56.8879,33.2691,41.04,83,75,5.77,RU,2022-10-22 16:52:45
181,Sarakhs,36.5449,61.1577,65.73,51,0,11.59,IR,2022-10-22 16:52:46
182,Fortuna,40.5982,-124.1573,56.93,85,40,11.5,US,2022-10-22 16:52:46
183,Porto Seguro,-16.4497,-39.0647,81.12,78,40,16.11,BR,2022-10-22 16:50:07
184,Houston,29.7633,-95.3633,84.94,54,20,18.41,US,2022-10-22 16:51:21
185,Sola,-13.8833,167.55,79.79,75,100,20.67,VU,2022-10-22 16:52:47
186,Seoul,37.5683,126.9778,56.8,91,40,4.61,KR,2022-10-22 16:52:47
187,Nanortalik,60.1432,-45.2371,38.32,89,82,6.2,GL,2022-10-22 16:49:39
188,Mahibadhoo,3.7833,72.9667,81.05,81,99,15.14,MV,2022-10-22 16:52:48
189,Halifax,44.6453,-63.5724,66.69,71,10,13.8,CA,2022-10-22 16:53:49
190,Ascension,30.2169,-90.9001,80.08,50,0,10.36,US,2022-10-22 16:53:49
191,Mahebourg,-20.4081,57.7,74.25,78,40,6.91,MU,2022-10-22 16:51:05
192,Istok,42.7808,20.4875,59.49,70,67,3.15,XK,2022-10-22 16:53:49
193,Faya,18.3851,42.4509,69.91,27,8,9.19,SA,2022-10-22 16:53:50
194,Jutai,-5.1833,-68.9,79.63,82,100,3.49,BR,2022-10-22 16:53:50
195,Warwick,41.7001,-71.4162,68.72,55,0,1.99,US,2022-10-22 16:51:19
196,Qandala,11.472,49.8728,81.32,79,62,6.93,SO,2022-10-22 16:53:51
197,Richards Bay,-28.783,32.0377,67.28,89,100,13.04,ZA,2022-10-22 16:53:51
198,Timmins,48.4669,-81.3331,46.22,81,100,4.61,CA,2022-10-22 16:53:52
199,Nemuro,43.3236,145.575,55.08,81,0,13.0,JP,2022-10-22 16:53:52
200,Marawi,7.9986,124.2928,68.68,94,98,0.65,PH,2022-10-22 16:53:52
201,Punta Alta,-38.8759,-62.0736,57.56,34,1,3.91,AR,2022-10-22 16:53:53
202,Vila Velha,-20.3297,-40.2925,84.15,74,20,14.97,BR,2022-10-22 16:53:53
203,Nelidovo,56.2211,32.7774,40.62,85,85,6.67,RU,2022-10-22 16:53:53
204,Kalmunai,7.4167,81.8167,79.32,81,100,5.68,LK,2022-10-22 16:53:54
205,Nara,34.6851,135.8049,65.7,70,46,2.55,JP,2022-10-22 16:53:54
206,Cururupu,-1.8283,-44.8683,85.62,60,100,8.57,BR,2022-10-22 16:53:55
207,Barmer,25.75,71.3833,81.82,19,1,4.72,IN,2022-10-22 16:53:55
208,Sitka,57.0531,-135.33,39.09,100,0,0.0,US,2022-10-22 16:50:05
209,Vilcun,-38.65,-72.2333,59.74,39,39,5.46,CL,2022-10-22 16:53:56
210,Vila Franca Do Campo,37.7167,-25.4333,68.41,72,51,18.61,PT,2022-10-22 16:53:56
211,Westport,41.1415,-73.3579,68.43,60,0,1.99,US,2022-10-22 16:53:57
212,Mehamn,71.0357,27.8492,35.55,93,75,5.75,NO,2022-10-22 16:53:57
213,Tucumcari,35.1717,-103.725,76.95,23,78,27.6,US,2022-10-22 16:53:58
214,Huallanca,-9.8993,-76.9417,59.47,48,84,1.95,PE,2022-10-22 16:53:58
215,Airai,-8.9266,125.4092,62.73,84,51,1.25,TL,2022-10-22 16:53:58
216,Hagerstown,39.6418,-77.72,65.95,45,3,1.99,US,2022-10-22 16:50:44
217,Quatre Cocos,-20.2078,57.7625,74.08,77,2,9.22,MU,2022-10-22 16:53:59
218,Tilichiki,60.4667,166.1,10.6,91,42,6.4,RU,2022-10-22 16:53:59
219,Noumea,-22.2763,166.4572,69.78,75,97,14.83,NC,2022-10-22 16:54:00
220,Kajaani,64.2273,27.7285,42.85,81,100,11.5,FI,2022-10-22 16:54:00
221,Bengkulu,-3.8004,102.2655,77.43,84,100,5.19,ID,2022-10-22 16:49:22
222,Geilo,60.5333,8.2076,40.69,89,99,6.06,NO,2022-10-22 16:54:00
223,Lata,40.1629,-8.3327,62.08,87,88,11.05,PT,2022-10-22 16:54:01
224,Taguatinga,-12.3857,-46.5711,93.42,28,96,1.28,BR,2022-10-22 16:54:01
225,Goderich,43.7501,-81.7165,64.9,48,22,16.11,CA,2022-10-22 16:54:01
226,Talara,-4.5772,-81.2719,72.36,64,0,13.8,PE,2022-10-22 16:50:16
227,Saint-Max,48.7043,6.21,64.42,78,0,3.44,FR,2022-10-22 16:54:02
228,Galveston,29.3669,-94.9669,85.03,61,58,8.01,US,2022-10-22 16:54:02
229,Tommot,58.9564,126.2925,22.55,97,100,3.6,RU,2022-10-22 16:54:03
230,Saldanha,-33.0117,17.9442,78.85,83,17,16.75,ZA,2022-10-22 16:54:03
231,Dire,12.2833,-10.9667,89.04,56,25,3.33,ML,2022-10-22 16:54:04
232,Margate,51.3813,1.3862,62.31,84,92,3.0,GB,2022-10-22 16:50:38
233,Faanui,-16.4833,-151.75,78.76,76,10,15.7,PF,2022-10-22 16:55:04
234,San Cristobal,7.7669,-72.225,79.57,65,99,3.96,VE,2022-10-22 16:55:05
235,Bilma,18.6853,12.9164,83.5,14,0,7.65,NE,2022-10-22 16:55:05
236,The Pas,53.8251,-101.2541,42.82,45,0,5.75,CA,2022-10-22 16:55:06
237,Labuhan,-6.8844,112.2051,82.15,74,95,3.62,ID,2022-10-22 16:55:06
238,Vardo,70.3705,31.1107,33.78,93,100,17.27,NO,2022-10-22 16:55:06
239,Taloda,21.5667,74.2167,75.76,44,0,5.73,IN,2022-10-22 16:55:07
240,Okhotsk,59.3833,143.3,21.07,66,86,13.44,RU,2022-10-22 16:55:07
241,Kuytun,54.3419,101.5036,32.83,90,82,6.51,RU,2022-10-22 16:55:08
242,Samfya,-11.3649,29.5565,81.99,29,81,3.8,ZM,2022-10-22 16:55:08
243,Georgetown,5.4112,100.3354,82.33,81,20,5.99,MY,2022-10-22 16:50:15
244,Ulladulla,-35.35,150.4667,63.5,95,100,11.43,AU,2022-10-22 16:55:09
245,Aykhal,66.0,111.5,22.8,93,99,20.36,RU,2022-10-22 16:55:09
246,Baghmara,23.795,86.2085,72.63,65,0,6.62,IN,2022-10-22 16:55:10
247,Kargopol,61.5071,38.9456,35.58,95,51,8.9,RU,2022-10-22 16:55:10
248,Asau,46.4333,26.4,56.32,63,82,5.26,RO,2022-10-22 16:55:11
249,Paka,4.6374,103.4368,76.98,94,100,0.0,MY,2022-10-22 16:55:11
250,Itoman,26.1247,127.6694,78.82,94,2,4.61,JP,2022-10-22 16:55:12
251,Praia,14.9215,-23.5087,88.34,51,0,14.97,CV,2022-10-22 16:55:12
252,Aqtobe,50.2797,57.2072,34.77,50,2,13.49,KZ,2022-10-22 16:55:13
253,Chernyshevskiy,63.0128,112.4714,27.19,86,99,4.88,RU,2022-10-22 16:55:13
254,Wenling,28.3669,121.36,66.54,87,15,9.4,CN,2022-10-22 16:55:14
255,Necochea,-38.5473,-58.7368,53.98,43,20,11.45,AR,2022-10-22 16:55:14
256,Ozernovskiy,51.5,156.5167,38.97,84,84,9.37,RU,2022-10-22 16:55:14
257,Ostrovnoy,68.0531,39.5131,35.89,95,100,22.57,RU,2022-10-22 16:55:15
258,Shingu,33.7333,135.9833,62.11,84,2,5.59,JP,2022-10-22 16:50:19
259,Ancud,-41.8697,-73.8203,53.87,56,33,6.62,CL,2022-10-22 16:55:15
260,Vicksburg,32.3526,-90.8779,78.53,47,0,16.11,US,2022-10-22 16:55:16
261,Dubbo,-32.25,148.6167,59.07,98,100,3.89,AU,2022-10-22 16:55:16
262,Tocopilla,-22.092,-70.1979,66.9,61,11,7.49,CL,2022-10-22 16:55:17
263,Zhicheng,30.2956,111.5047,70.14,42,35,4.43,CN,2022-10-22 16:55:17
264,Shestakovo,56.4915,103.96,36.28,94,100,5.77,RU,2022-10-22 16:55:17
265,Hanumangarh,29.5833,74.3167,74.5,23,1,3.2,IN,2022-10-22 16:55:18
266,Dergachi,51.2328,48.7659,39.9,54,19,3.44,RU,2022-10-22 16:55:18
267,Den Helder,52.9599,4.7593,59.02,87,75,10.0,NL,2022-10-22 16:55:19
268,Gawler,-34.6,138.7333,59.47,84,91,3.36,AU,2022-10-22 16:55:19
269,Barsovo,61.1667,73.1667,32.13,90,91,9.69,RU,2022-10-22 16:55:19
270,Honningsvag,70.9821,25.9704,38.46,73,99,25.81,NO,2022-10-22 16:51:37
271,Chapais,49.7834,-74.8492,53.38,67,100,11.74,CA,2022-10-22 16:55:20
272,Dajal,29.5577,70.3762,77.7,30,10,1.92,PK,2022-10-22 16:55:20
273,Dalvik,65.9702,-18.5286,33.73,77,85,5.91,IS,2022-10-22 16:55:21
274,Lompoc,34.6391,-120.4579,62.56,82,0,1.99,US,2022-10-22 16:56:21
275,Sao Joao Da Barra,-21.6403,-41.0511,87.89,77,51,15.3,BR,2022-10-22 16:54:34
276,Kamennogorsk,60.9545,29.1339,45.52,89,56,6.33,RU,2022-10-22 16:56:22
277,Manono,-7.3,27.4167,76.19,68,99,4.72,CD,2022-10-22 16:56:23
278,Namibe,-15.1961,12.1522,69.8,79,35,7.45,AO,2022-10-22 16:56:23
279,Aketi,2.7388,23.7833,72.16,96,67,2.21,CD,2022-10-22 16:56:23
280,Denpasar,-8.65,115.2167,80.26,88,20,4.61,ID,2022-10-22 16:53:26
281,Vila,42.0304,-8.1588,49.08,93,100,6.31,PT,2022-10-22 16:56:24
282,Calabozo,8.9242,-67.4293,91.13,51,41,6.42,VE,2022-10-22 16:56:24
283,Frontera,26.9333,-101.45,80.33,37,7,1.99,MX,2022-10-22 16:56:25
284,Zheleznodorozhnyy,55.7503,38.0042,43.14,80,97,4.97,RU,2022-10-22 16:56:25
285,Varkkallai,8.7341,76.7067,80.38,85,73,1.32,IN,2022-10-22 16:56:25
286,Novyy Urengoy,66.0833,76.6333,29.07,92,97,8.95,RU,2022-10-22 16:55:53
287,Nalut,30.3333,10.85,73.24,30,0,5.19,LY,2022-10-22 16:56:26
288,Mahajanga,-15.7167,46.3167,78.82,53,0,8.05,MG,2022-10-22 16:56:26
289,Bintulu,3.1667,113.0333,77.41,94,20,3.44,MY,2022-10-22 16:56:27
290,Cockburn Town,21.4612,-71.1419,82.94,72,66,14.45,TC,2022-10-22 16:51:38
291,Mastic Beach,40.7668,-72.8521,67.98,63,0,1.01,US,2022-10-22 16:56:27
292,Lebu,-37.6167,-73.65,56.48,64,66,9.35,CL,2022-10-22 16:56:28
293,Kapoeta,4.7717,33.5903,87.22,33,51,9.8,SS,2022-10-22 16:56:28
294,Takab,36.4009,47.1133,56.82,53,91,8.57,IR,2022-10-22 16:56:28
295,Indiana,40.0003,-86.2503,72.95,53,0,17.27,US,2022-10-22 16:56:29
296,Teguldet,57.3064,88.1667,46.09,84,100,8.93,RU,2022-10-22 16:56:29
297,Sao Lourenco Do Sul,-31.3653,-51.9783,68.72,63,39,4.61,BR,2022-10-22 16:52:19
298,Diamantino,-14.4086,-56.4461,77.61,79,100,2.66,BR,2022-10-22 16:56:29
299,Smithers,54.7804,-127.1743,32.32,93,75,2.3,CA,2022-10-22 16:56:30
300,Evensk,61.95,159.2333,9.46,76,53,9.1,RU,2022-10-22 16:56:30
301,Chuy,-33.6971,-53.4616,59.47,96,98,1.5,UY,2022-10-22 16:56:31
302,Quelimane,-17.8786,36.8883,80.55,78,0,14.0,MZ,2022-10-22 16:55:07
303,Forbes,-33.3833,148.0167,63.91,96,100,6.49,AU,2022-10-22 16:56:16
304,Kralendijk,12.15,-68.2667,83.14,75,22,10.47,BQ,2022-10-22 16:55:55
305,Dwarka,22.2394,68.9678,84.97,50,1,16.82,IN,2022-10-22 16:56:31
306,Kavali,14.9167,79.9833,79.25,71,99,9.42,IN,2022-10-22 16:56:32
307,Laon,49.5667,3.6667,61.32,71,79,5.14,FR,2022-10-22 16:56:19
308,Ghanzi,-21.5667,21.7833,87.62,19,48,7.94,BW,2022-10-22 16:55:07
309,Osa,57.2829,55.4567,32.4,64,100,8.84,RU,2022-10-22 16:56:32
310,Lavrentiya,65.5833,-171.0,32.76,91,98,4.97,RU,2022-10-22 16:56:32
311,Kavieng,-2.5744,150.7967,81.77,70,76,8.25,PG,2022-10-22 16:56:33
312,Tyrma,50.0833,132.1667,27.27,69,79,2.15,RU,2022-10-22 16:56:33
313,Opopeo,19.4,-101.6,62.53,72,100,2.71,MX,2022-10-22 16:56:34
314,Kochevo,59.5994,54.3125,28.96,81,85,8.1,RU,2022-10-22 16:56:34
315,Kuandian,40.7286,124.7847,39.27,74,0,4.5,CN,2022-10-22 16:56:34
316,Tieling,42.2931,123.8414,42.31,55,0,4.0,CN,2022-10-22 16:56:35
317,Tessalit,20.1986,1.0114,88.61,11,45,10.8,ML,2022-10-22 16:56:35
318,Souillac,-20.5167,57.5167,73.78,78,40,6.91,MU,2022-10-22 16:56:36
319,Paamiut,61.994,-49.6678,39.63,75,100,22.53,GL,2022-10-22 16:57:36
320,Pangkalanbuun,-2.6833,111.6167,76.37,91,100,1.41,ID,2022-10-22 16:57:36
321,Naze,28.3667,129.4833,76.12,89,100,9.42,JP,2022-10-22 16:57:37
322,Akureyri,65.6835,-18.0878,33.73,75,0,0.0,IS,2022-10-22 16:57:37
323,Coihaique,-45.5752,-72.0662,56.01,30,0,4.61,CL,2022-10-22 16:54:49
324,Yinchuan,38.4681,106.2731,53.08,22,20,4.34,CN,2022-10-22 16:57:38
325,Flinders,-34.5833,150.8552,67.17,93,100,5.99,AU,2022-10-22 16:57:38
326,Touros,-5.1989,-35.4608,84.16,58,45,14.54,BR,2022-10-22 16:57:39
327,Darnah,32.767,22.6367,67.71,64,0,19.19,LY,2022-10-22 16:55:07
328,Ukholovo,53.7929,40.4892,40.15,89,100,4.94,RU,2022-10-22 16:57:39
329,Vestmannaeyjar,63.4427,-20.2734,43.79,87,75,4.61,IS,2022-10-22 16:57:39
330,Asopos,36.7333,22.8667,65.68,60,0,2.62,GR,2022-10-22 16:57:40
331,Stephenville,32.2207,-98.2023,81.86,47,0,13.8,US,2022-10-22 16:57:40
332,Abha,18.2164,42.5053,69.62,45,0,6.91,SA,2022-10-22 16:56:25
333,Umm Bab,25.2142,50.8072,84.29,53,0,13.29,QA,2022-10-22 16:57:41
334,Batemans Bay,-35.7167,150.1833,64.09,96,100,7.63,AU,2022-10-22 16:57:41
335,Dakoro,14.5106,6.765,89.6,13,0,6.91,NE,2022-10-22 16:57:41
336,Sungairaya,0.7,108.9,77.83,87,96,1.07,ID,2022-10-22 16:57:42
337,Hobbs,32.7026,-103.136,78.89,34,0,18.41,US,2022-10-22 16:57:36
338,Viking,53.1001,-111.7684,35.73,71,17,5.79,CA,2022-10-22 16:57:42
339,Palmer,42.1584,-72.3287,68.32,38,0,1.99,US,2022-10-22 16:57:43
340,Praxedis Guerrero,31.3667,-106.0167,76.62,44,70,11.45,MX,2022-10-22 16:57:43
341,Santa Rosa,14.3122,121.1114,84.18,81,100,4.12,PH,2022-10-22 16:57:44
342,Iseyin,7.9667,3.6,82.26,69,93,1.05,NG,2022-10-22 16:54:17
343,Kudahuvadhoo,2.6708,72.8944,81.72,73,95,14.7,MV,2022-10-22 16:57:44
344,Morant Bay,17.8815,-76.4093,87.42,66,46,8.63,JM,2022-10-22 16:57:45
345,Moerai,-22.4333,-151.3333,73.62,83,56,18.23,PF,2022-10-22 16:57:45
346,Biograd Na Moru,43.9433,15.4519,68.76,74,35,17.45,HR,2022-10-22 16:57:46
347,Honiara,-9.4333,159.95,76.82,91,100,5.08,SB,2022-10-22 16:57:46
348,Krasnoselkup,65.7,82.4667,28.81,96,100,14.85,RU,2022-10-22 16:57:46
349,Los Llanos De Aridane,28.6585,-17.9182,73.13,73,75,7.0,ES,2022-10-22 16:57:47
350,Longyearbyen,78.2186,15.6401,21.04,63,20,9.22,SJ,2022-10-22 16:57:47
351,Dores Do Indaia,-19.4633,-45.6017,85.39,38,98,5.84,BR,2022-10-22 16:57:47
352,Sunyani,7.3399,-2.3268,81.59,75,35,1.92,GH,2022-10-22 16:57:48
353,Peterhead,57.5058,-1.7981,57.45,94,99,8.12,GB,2022-10-22 16:57:48
354,Zhovkva,50.0583,23.9726,51.62,82,100,10.04,UA,2022-10-22 16:57:49
355,Berlevag,70.8578,29.0864,35.6,93,100,12.66,NO,2022-10-22 16:57:49
356,Lasa,46.6166,10.7002,51.37,91,73,3.0,IT,2022-10-22 16:57:49
357,Geraldton,-28.7667,114.6,57.61,88,40,2.3,AU,2022-10-22 16:57:49
358,Songkhla,6.8333,100.6667,80.65,93,100,1.41,TH,2022-10-22 16:57:50
359,Salalah,17.0151,54.0924,80.24,71,2,4.18,OM,2022-10-22 16:55:00
360,Batagay-Alyta,67.8006,130.4114,3.63,90,90,4.38,RU,2022-10-22 16:57:51
361,Aksarka,66.5606,67.7975,24.22,96,59,3.27,RU,2022-10-22 16:57:51
362,Cabedelo,-6.9811,-34.8339,84.87,68,42,12.46,BR,2022-10-22 16:57:51
363,Codrington,-38.2667,141.9667,56.03,91,100,12.35,AU,2022-10-22 16:57:52
364,Maroantsetra,-15.4333,49.7333,72.37,83,31,3.65,MG,2022-10-22 16:57:52
365,Gigmoto,13.7796,124.39,80.08,87,89,5.84,PH,2022-10-22 16:57:53
366,Port-Gentil,-0.7193,8.7815,79.39,83,80,12.75,GA,2022-10-22 17:00:30
367,Khuzhir,53.1939,107.3397,39.18,67,19,0.92,RU,2022-10-22 17:00:30
368,Platteville,42.7342,-90.4785,73.24,31,27,16.28,US,2022-10-22 17:00:32
369,Dunedin,-45.8742,170.5036,46.8,88,19,1.99,NZ,2022-10-22 17:00:33
370,Ponta Do Sol,32.6667,-17.1,75.7,74,98,10.45,PT,2022-10-22 17:00:33
371,Alyangula,-13.8483,136.4192,82.67,78,6,14.65,AU,2022-10-22 17:00:34
372,Guozhen,34.3659,107.359,60.78,55,17,1.32,CN,2022-10-22 17:00:34
373,Kosa,59.9445,54.9977,30.07,78,99,7.85,RU,2022-10-22 17:00:35
374,Huarmey,-10.0681,-78.1522,68.11,70,61,10.51,PE,2022-10-22 17:00:35
375,Cap Malheureux,-19.9842,57.6142,73.47,72,1,5.01,MU,2022-10-22 17:00:36
376,Porto Velho,-8.7619,-63.9039,86.05,66,40,4.03,BR,2022-10-22 16:58:44
377,Yar-Sale,66.8333,70.8333,27.86,91,70,13.02,RU,2022-10-22 17:00:36
378,Harstad,68.799,16.5293,36.79,100,100,1.01,NO,2022-10-22 17:00:37
379,Barentu,15.1139,37.5928,84.87,30,17,8.23,ER,2022-10-22 17:00:38
380,Emerald,-23.5333,148.1667,66.34,86,9,5.28,AU,2022-10-22 17:00:38
381,Dalbandin,28.8947,64.4101,73.56,15,0,2.95,PK,2022-10-22 17:00:38
382,Saint Anthony,45.0205,-93.218,65.03,48,75,10.36,US,2022-10-22 17:00:39
383,Bathsheba,13.2167,-59.5167,84.09,70,9,10.25,BB,2022-10-22 17:00:40
384,Biak,-0.9131,122.8766,76.32,85,100,1.43,ID,2022-10-22 17:00:40
385,Kieta,-6.2167,155.6333,78.42,84,100,3.27,PG,2022-10-22 17:00:41
386,Tres Arroyos,-38.3739,-60.2798,63.46,23,3,6.22,AR,2022-10-22 17:00:41
387,Isla Mujeres,21.2311,-86.731,80.17,53,0,9.35,MX,2022-10-22 17:00:42
388,Konakovo,56.7,36.7667,40.6,84,100,5.7,RU,2022-10-22 17:00:42
389,Raudeberg,61.9875,5.1352,46.87,15,24,10.56,NO,2022-10-22 17:00:43
390,San Carlos,9.6612,-68.5827,91.87,49,61,4.09,VE,2022-10-22 17:00:43
391,Maragogi,-9.0122,-35.2225,81.72,68,67,10.29,BR,2022-10-22 17:00:43
392,Bardiyah,31.7561,25.0865,69.04,56,0,9.64,LY,2022-10-22 17:00:44
393,Alofi,-19.0595,-169.9187,76.8,82,99,7.92,NU,2022-10-22 17:00:44
394,Hasaki,35.7333,140.8333,58.21,73,26,16.22,JP,2022-10-22 17:00:45
395,Zaraza,9.3503,-65.3245,92.48,47,65,3.27,VE,2022-10-22 17:00:45
396,Camacha,33.0833,-16.3333,69.22,68,20,14.97,PT,2022-10-22 17:00:46
397,Nurobod,40.9056,69.8023,66.16,20,70,2.28,UZ,2022-10-22 17:00:47
398,Panguna,-6.3164,155.4848,67.98,96,99,1.14,PG,2022-10-22 17:00:47
399,Athabasca,54.7169,-113.2854,37.81,81,100,3.13,CA,2022-10-22 16:57:23
400,Kamenka,51.3223,42.7678,40.91,71,100,5.35,RU,2022-10-22 17:00:48
401,Nizwa,22.9333,57.5333,79.36,30,0,6.44,OM,2022-10-22 16:58:16
402,Nouadhibou,20.931,-17.0347,70.41,88,58,22.75,MR,2022-10-22 17:00:48
403,Durban,-29.8579,31.0292,68.02,82,100,5.01,ZA,2022-10-22 17:00:45
404,Comodoro Rivadavia,-45.8667,-67.5,71.46,6,0,26.46,AR,2022-10-22 16:59:09
405,Bakchar,57.0186,82.0711,43.39,91,100,5.75,RU,2022-10-22 17:00:49
406,Sawakin,19.1059,37.3321,86.34,68,77,7.87,SD,2022-10-22 17:00:49
407,Pryazha,61.6926,33.6216,38.43,92,98,8.81,RU,2022-10-22 17:00:50
408,Axim,4.8699,-2.2405,80.2,78,91,6.85,GH,2022-10-22 17:00:50
409,Ayorou,14.7308,0.9174,95.72,13,67,8.68,NE,2022-10-22 17:00:51
410,Colquechaca,-18.6667,-66.0167,47.25,31,15,9.69,BO,2022-10-22 17:00:51
411,Coronado,32.6859,-117.1831,69.93,78,75,8.01,US,2022-10-22 17:00:34
412,Penalva,-3.2942,-45.1736,92.8,44,70,4.99,BR,2022-10-22 16:59:47
413,Kattivakkam,13.2167,80.3167,82.49,78,100,13.85,IN,2022-10-22 17:00:52
414,Nouakchott,18.0858,-15.9785,89.53,55,0,12.19,MR,2022-10-22 17:00:15
415,Vilyuysk,63.7553,121.6247,14.22,100,98,3.8,RU,2022-10-22 17:01:53
416,Porbandar,21.6422,69.6093,83.82,56,15,9.86,IN,2022-10-22 17:01:53
417,Lanzhou,36.0564,103.7922,57.52,38,100,2.98,CN,2022-10-22 17:01:53
418,Ochakiv,46.6128,31.5498,57.92,73,95,21.61,UA,2022-10-22 17:01:54
419,Amahai,-3.3333,128.9167,79.43,83,86,1.5,ID,2022-10-22 17:01:54
420,Petropavlovsk-Kamchatskiy,53.0452,158.6483,31.93,71,50,9.93,RU,2022-10-22 17:01:54
421,Tougan,13.0667,-3.0667,94.48,25,77,4.21,BF,2022-10-22 17:01:55
422,Palasa,18.7667,84.4167,74.95,71,68,6.46,IN,2022-10-22 17:01:55
423,Zhigansk,66.7697,123.3711,12.2,97,94,6.35,RU,2022-10-22 17:01:55
424,Mayo,38.8876,-76.5119,70.09,61,0,3.0,US,2022-10-22 17:01:56
425,Predivinsk,57.0669,93.4378,45.55,88,100,5.75,RU,2022-10-22 17:01:56
426,Mugur-Aksy,50.35,90.5,33.21,51,35,7.2,RU,2022-10-22 17:01:57
427,Ambatofinandrahana,-20.55,46.8,61.88,76,84,2.82,MG,2022-10-22 17:01:57
428,Alice Springs,-23.7,133.8833,74.75,46,75,2.3,AU,2022-10-22 17:01:58
429,Coruripe,-10.1256,-36.1756,82.27,65,84,13.04,BR,2022-10-22 17:01:58
430,Lavumisa,-27.31,31.892,65.48,85,100,8.55,SZ,2022-10-22 17:01:58
431,Barcelos,41.5388,-8.6151,61.84,91,100,12.57,PT,2022-10-22 17:01:59
432,Mandurah,-32.55,115.7,59.99,76,43,4.29,AU,2022-10-22 17:01:59
433,Hare Bay,48.8499,-54.0148,60.19,46,0,11.65,CA,2022-10-22 17:02:00
434,Pahrump,36.2083,-115.9839,75.49,24,19,15.01,US,2022-10-22 17:00:04
435,Jacareacanga,-6.2222,-57.7528,93.29,46,100,1.23,BR,2022-10-22 17:02:00
436,Tabas,33.5959,56.9244,77.76,15,0,4.9,IR,2022-10-22 17:02:01
437,Baoma,31.4859,106.1128,71.06,59,96,2.06,CN,2022-10-22 17:02:01
438,Guerrero Negro,27.9769,-114.0611,71.87,65,91,2.73,MX,2022-10-22 17:02:01
439,Genhe,50.7833,121.5167,20.75,80,32,1.92,CN,2022-10-22 17:02:02
440,Nyurba,63.2842,118.3319,14.0,99,85,3.13,RU,2022-10-22 17:02:02
441,Hambantota,6.1241,81.1185,78.67,84,100,10.16,LK,2022-10-22 17:02:03
442,Virginia Beach,36.8529,-75.978,71.06,62,10,3.0,US,2022-10-22 17:00:48
443,Guaruja,-23.9931,-46.2564,76.84,69,53,7.0,BR,2022-10-22 17:02:03
444,State College,40.7934,-77.86,67.23,41,0,4.61,US,2022-10-22 16:59:05
445,Saint Albans,51.75,-0.3333,61.5,83,40,5.75,GB,2022-10-22 17:00:35
446,Mantua,45.1667,10.7833,66.97,82,56,5.08,IT,2022-10-22 17:02:04
447,Grindavik,63.8424,-22.4338,39.67,81,100,4.61,IS,2022-10-22 17:02:05
448,Khani,41.9563,42.9566,36.97,71,1,4.23,GE,2022-10-22 17:02:05
449,Sumter,28.7086,-82.0831,78.1,62,0,8.99,US,2022-10-22 16:59:06
450,Winnemucca,40.973,-117.7357,48.27,48,100,15.84,US,2022-10-22 17:02:06
451,Gorin,51.1983,136.6669,29.53,62,95,2.33,RU,2022-10-22 17:02:06
452,Dandong,40.1292,124.3947,44.37,64,0,5.73,CN,2022-10-22 17:02:07
453,Lujiang,31.2581,117.2817,61.79,61,0,4.38,CN,2022-10-22 17:02:07
454,Cartagena,10.3997,-75.5144,83.82,79,75,12.66,CO,2022-10-22 16:59:26
455,Dakar,14.6937,-17.4441,86.88,71,0,9.28,SN,2022-10-22 16:59:17
456,Arcachon,44.5875,-1.0519,75.52,49,0,10.36,FR,2022-10-22 17:02:08
457,Praia Da Vitoria,38.7333,-27.0667,68.76,73,38,23.96,PT,2022-10-22 17:02:09
458,Lagoa,39.05,-27.9833,65.21,67,82,23.91,PT,2022-10-22 17:03:09
459,Hay River,60.8156,-115.7999,28.96,68,100,10.71,CA,2022-10-22 17:00:32
460,Zabol,32.25,67.25,56.01,16,0,7.94,AF,2022-10-22 17:03:10
461,Kangaatsiaq,68.3065,-53.4641,38.44,81,100,27.02,GL,2022-10-22 17:03:10
462,Atar,20.5169,-13.0499,98.69,9,4,13.89,MR,2022-10-22 17:03:10
463,Sychevka,55.8252,34.2736,42.15,78,92,7.0,RU,2022-10-22 17:03:11
464,Japura,-0.3167,102.35,76.48,88,96,0.69,ID,2022-10-22 17:03:11
465,Barrancas,10.9576,-72.7877,90.7,53,16,7.72,CO,2022-10-22 17:00:20
466,Panaba,21.2833,-88.2667,82.72,42,0,9.04,MX,2022-10-22 17:03:12
467,Jackson,42.4165,-122.8345,51.15,78,75,4.0,US,2022-10-22 17:03:12
468,Haines Junction,60.7522,-137.5108,31.44,84,16,2.15,CA,2022-10-22 17:03:13
469,Privas,44.5833,4.5,69.53,80,20,0.54,FR,2022-10-22 17:03:13
470,Ust-Nera,64.5667,143.2,-4.58,100,97,3.38,RU,2022-10-22 17:03:14
471,Pundaguitan,6.3711,126.1689,81.97,76,100,6.22,PH,2022-10-22 17:03:14
472,Pondicherry,11.93,79.83,79.74,82,96,11.1,IN,2022-10-22 17:03:15
473,Candolim,15.5181,73.7626,80.58,78,61,6.6,IN,2022-10-22 17:03:15
474,Hirara,24.8,125.2833,79.84,85,59,6.6,JP,2022-10-22 17:03:15
475,Isabela,6.7085,121.9711,79.16,87,100,7.72,PH,2022-10-22 17:03:16
476,Lukaya,-0.1489,31.8748,68.2,76,99,3.31,UG,2022-10-22 17:03:16
477,Meulaboh,4.1363,96.1285,76.26,88,100,8.63,ID,2022-10-22 17:03:17
478,Osmena,10.5208,119.9258,82.33,81,99,7.67,PH,2022-10-22 17:03:17
479,Waingapu,-9.6567,120.2641,81.19,80,100,0.67,ID,2022-10-22 17:03:17
480,Chufarovo,54.0963,47.3367,38.5,66,64,3.94,RU,2022-10-22 17:03:18
481,Yantal,56.8471,105.2542,35.01,93,100,6.22,RU,2022-10-22 17:03:18
482,San Quintin,30.4833,-115.95,67.62,72,98,7.14,MX,2022-10-22 17:03:19
483,Charters Towers,-20.1,146.2667,71.15,83,0,7.27,AU,2022-10-22 17:03:19
484,Bitung,1.4451,125.1824,77.85,81,100,3.04,ID,2022-10-22 17:03:19
485,Umba,66.6871,34.3429,39.63,85,100,16.75,RU,2022-10-22 17:03:20
486,Kondinskoye,59.6481,67.41,29.7,86,20,9.06,RU,2022-10-22 17:03:20
487,Santa Elena,-2.2333,-80.85,71.15,78,75,8.05,EC,2022-10-22 16:59:22
488,Safaga,26.7292,33.9365,79.92,59,0,9.24,EG,2022-10-22 17:03:21
489,Saint-Marc,19.1082,-72.6938,84.43,67,52,7.09,HT,2022-10-22 17:03:22
490,Alekseyevsk,57.8406,108.3492,31.19,97,89,5.39,RU,2022-10-22 17:03:22
491,Ruteng,-8.6136,120.4721,62.44,88,84,0.96,ID,2022-10-22 17:03:23
492,Minsk,53.9,27.5667,40.75,85,99,8.25,BY,2022-10-22 16:58:40
493,Lima,-12.0432,-77.0282,66.97,65,22,8.88,PE,2022-10-22 17:02:23
494,Nishihara,26.1842,127.7558,78.46,94,75,4.61,JP,2022-10-22 17:03:24
495,Komsomolskiy,40.4272,71.7189,52.52,76,86,9.22,UZ,2022-10-22 17:03:26
496,Broken Hill,-31.95,141.4333,66.69,66,94,9.13,AU,2022-10-22 17:03:26
497,Wanganui,-39.9333,175.05,42.6,92,0,1.99,NZ,2022-10-22 17:03:38
498,Kefalos,36.7453,26.9589,66.42,55,0,5.75,GR,2022-10-22 17:03:39
499,Shintomi,32.0785,131.4723,64.56,84,0,5.75,JP,2022-10-22 17:03:39
500,Santa,17.486,120.4348,77.56,89,90,2.77,PH,2022-10-22 17:03:40
501,Bone,51.9669,12.1396,59.9,81,48,5.23,DE,2022-10-22 17:03:40
502,Grand Forks,47.9417,-97.4337,53.33,62,100,9.22,US,2022-10-22 17:00:36
503,Krasnyy Chikoy,50.3643,108.7512,27.27,84,8,3.15,RU,2022-10-22 17:05:21
504,Atbasar,51.8,68.3333,33.58,91,100,36.06,KZ,2022-10-22 17:05:21
505,High Level,58.5169,-117.136,32.11,100,100,5.75,CA,2022-10-22 17:00:46
506,Husavik,66.0449,-17.3389,30.92,78,86,8.3,IS,2022-10-22 17:05:22
507,Pampa,35.5362,-100.9599,80.64,22,0,24.16,US,2022-10-22 17:05:23
508,Sinnamary,5.3833,-52.95,88.21,60,80,12.08,GF,2022-10-22 17:01:19
509,Dhidhdhoo,6.8833,73.1,80.71,83,98,10.38,MV,2022-10-22 17:05:23
510,Kaka,37.3482,59.6143,64.9,49,77,10.56,TM,2022-10-22 17:05:24
511,Shatki,55.1887,44.1249,40.91,82,100,5.01,RU,2022-10-22 17:05:24
512,Maltahohe,-24.8333,16.9833,83.21,24,89,5.3,NA,2022-10-22 17:05:24
513,Kasama,-10.2129,31.1808,78.94,27,97,3.2,ZM,2022-10-22 17:05:25
514,Piedras Negras,28.7,-100.5167,76.26,68,2,13.2,MX,2022-10-22 17:04:14
515,Soyo,-6.1349,12.3689,77.9,83,56,11.1,AO,2022-10-22 17:05:25
516,Paracuru,-3.41,-39.0306,81.1,63,90,16.31,BR,2022-10-22 17:05:25
517,Bubaque,11.2833,-15.8333,82.51,74,86,5.86,GW,2022-10-22 17:05:26
518,Krasnyye Barrikady,46.2045,47.8535,37.36,75,0,0.0,RU,2022-10-22 17:05:26
519,Vershino-Darasunskiy,52.35,115.5167,22.78,66,0,2.75,RU,2022-10-22 17:05:26
520,Erenhot,43.6475,111.9767,40.42,41,2,8.19,CN,2022-10-22 17:05:27
521,General Roca,-39.0333,-67.5833,70.63,24,0,17.76,AR,2022-10-22 17:05:27
522,Piacabucu,-10.4056,-36.4344,82.6,65,94,11.99,BR,2022-10-22 17:05:28
523,Balikpapan,-1.2675,116.8289,76.19,100,40,0.0,ID,2022-10-22 17:05:28
524,Calvinia,-31.4707,19.776,78.35,34,12,13.78,ZA,2022-10-22 17:05:29
525,Gushikawa,26.3544,127.8686,78.39,94,75,0.0,JP,2022-10-22 17:05:29
526,Wanaka,-44.7,169.15,38.79,81,8,6.02,NZ,2022-10-22 17:05:29
527,Vilhena,-12.7406,-60.1458,73.72,88,99,5.44,BR,2022-10-22 17:05:15
528,Taunggyi,20.7833,97.0333,59.94,90,96,2.1,MM,2022-10-22 17:05:30
529,Florence,43.7667,11.25,73.24,81,0,5.75,IT,2022-10-22 17:03:44
530,Tautira,-17.7333,-149.15,77.05,80,81,14.67,PF,2022-10-22 17:01:05
531,Taranagar,28.6709,75.0351,79.36,28,0,5.59,IN,2022-10-22 17:05:31
532,Nong Chik,6.8436,101.178,77.32,87,100,2.1,TH,2022-10-22 17:05:31
533,Kloulklubed,7.0419,134.2556,81.52,76,100,4.38,PW,2022-10-22 17:05:32
534,Torit,4.4133,32.5678,80.24,64,78,3.02,SS,2022-10-22 17:05:32
535,Century Village,26.7139,-80.1289,85.01,62,40,13.8,US,2022-10-22 17:05:32
536,Deputatskiy,69.3,139.9,-2.34,95,100,5.68,RU,2022-10-22 17:05:33
537,Palembang,-2.9167,104.7458,77.09,94,20,2.3,ID,2022-10-22 17:03:36
538,Manakara,-22.1333,48.0167,73.11,78,85,7.9,MG,2022-10-22 17:05:33
539,Ostrovskoye,57.8057,42.2433,35.76,81,88,4.43,RU,2022-10-22 17:05:34
540,Palauig,15.435,119.9045,80.29,82,60,4.83,PH,2022-10-22 17:05:34
541,Amudat,1.95,34.95,79.3,36,24,11.48,UG,2022-10-22 17:05:35
542,Areosa,41.7178,-8.8571,60.96,84,100,20.31,PT,2022-10-22 17:05:35
543,Ilulissat,69.2167,-51.1,37.42,87,75,8.05,GL,2022-10-22 17:05:36
544,Lao Cai,22.4833,103.95,72.28,87,9,1.7,VN,2022-10-22 17:05:37
545,Tual,-5.6667,132.75,83.3,74,100,7.47,ID,2022-10-22 17:05:37
546,Pearland,29.5636,-95.286,85.21,49,40,19.57,US,2022-10-22 17:06:27
547,Svetlaya,46.5389,138.3297,37.8,82,89,4.92,RU,2022-10-22 17:06:38
548,Challapata,-18.9,-66.7667,58.59,9,2,12.44,BO,2022-10-22 17:06:39
549,Padang,-0.9492,100.3543,77.05,88,95,3.4,ID,2022-10-22 17:06:39
550,Hokitika,-42.7167,170.9667,46.94,88,2,4.16,NZ,2022-10-22 17:06:40
551,Broome,42.2506,-75.833,67.42,42,0,8.05,US,2022-10-22 17:06:40
552,Luebo,-5.35,21.4167,73.44,76,100,1.41,CD,2022-10-22 17:06:40
553,Saint-Georges,12.0564,-61.7485,87.48,70,20,18.41,GD,2022-10-22 17:06:41
554,Asfi,32.2994,-9.2372,70.29,84,100,4.27,MA,2022-10-22 17:06:42
555,Swellendam,-34.0226,20.4417,67.21,69,1,15.7,ZA,2022-10-22 17:06:42
556,Marsaxlokk,35.8419,14.5431,73.08,64,20,5.75,MT,2022-10-22 17:06:43
557,Manta,-0.95,-80.7333,79.29,65,60,9.82,EC,2022-10-22 17:06:43
558,Beloha,-25.1667,45.05,72.37,78,31,3.47,MG,2022-10-22 17:06:43
559,Atherton,53.5237,-2.4935,60.89,76,82,4.0,GB,2022-10-22 17:06:43
560,Chapada Dos Guimaraes,-15.4606,-55.7497,66.13,94,100,1.92,BR,2022-10-22 17:06:44
561,Mao,39.8885,4.2658,73.96,88,0,6.91,ES,2022-10-22 17:06:44
562,Kilindoni,-7.9139,39.6668,77.18,77,53,13.06,TZ,2022-10-22 17:06:44
563,Kehychivka,49.2866,35.7615,45.82,69,100,7.99,UA,2022-10-22 17:06:45
564,Kuching,1.55,110.3333,75.42,94,20,2.3,MY,2022-10-22 17:06:45
565,Balakirevo,56.5059,38.8432,36.88,90,96,5.3,RU,2022-10-22 17:06:46
566,Graham,47.0529,-122.2943,46.42,93,100,3.44,US,2022-10-22 17:03:59
567,La Macarena,2.1837,-73.7849,85.01,63,97,4.9,CO,2022-10-22 17:06:46
568,Flin Flon,54.7682,-101.865,38.32,53,28,1.34,CA,2022-10-22 17:06:47
569,Kiunga,-6.1219,141.2906,72.3,99,100,0.94,PG,2022-10-22 17:06:48
570,Huaibei,33.9744,116.7917,60.35,58,38,9.08,CN,2022-10-22 17:06:48
571,Ambilobe,-13.2,49.05,73.02,76,0,1.32,MG,2022-10-22 17:06:49
572,Ayame,5.6083,-3.1563,79.29,86,62,4.85,CI,2022-10-22 17:06:49
573,Bayonet Point,28.3267,-82.6834,80.58,59,0,5.99,US,2022-10-22 17:06:49
574,Kungsbacka,57.4872,12.0761,50.18,89,100,1.01,SE,2022-10-22 17:06:50
